


insert into İl values 
('Adana'),
('Adıyaman'),
('Afyonkarahisar'),
('Ağrı'),
('Amasya'),
('Ankara'),
('Antalya'),
('Artvin'),
('Aydın'),
('Balıkesir'),
('Bilecik'),
('Bingöl'),
('Bitlis'),
('Bolu'),
('Burdur'),
('Bursa'),
('Çanakkale'),
('Çankırı'),
('Çorum'),
('Denizli'),
('Diyarbakır'),
('Edirne'),
('Elazığ'),
('Erzincan'),
('Erzurum'),
('Eskişehir'),
('Gaziantep'),
('Giresun'),
('Gümüşhane'),
('Hakkâri'),
('Hatay'),
('Isparta'),
('Mersin'),
('İstanbul'),
('İzmir'),
('Kars'),
('Kastamonu'),
('Kayseri'),
('Kırklareli'),
('Kırşehir'),
('Kocaeli'),
('Konya'),
('Kütahya'),
('Malatya'),
('Manisa'),
('Kahramanmaraş'),
('Mardin'),
('Muğla'),
('Muş'),
('Nevşehir'),
('Niğde'),
('Ordu'),
('Rize'),
('Sakarya'),
('Samsun'),
('Siirt'),
('Sinop'),
('Sivas'),
('Tekirdağ'),
('Tokat'),
('Trabzon'),
('Tunceli'),
('Şanlıurfa'),
('Uşak'),
('Van'),
('Yozgat'),
('Zonguldak'),
('Aksaray'),
('Bayburt'),
('Karaman'),
('Kırıkkale'),
('Batman'),
('Şırnak'),
('Bartın'),
('Ardahan'),
('Iğdır'),
('Yalova'),
('Karabük'),
('Kilis'),
('Osmaniye'),
('Düzce')



insert into İlçe values 
('Ankara Merkez',6),
('İzmir Merkez',35),
('Arnavutköy',34),
('Avcılar',34),
('Bağcılar',34),
('Bahçelievler',34),
('Bakırköy',34),
('Başakşehir',34),
('Bayrampaşa',34),
('Beşiktaş',34),
('Beylikdüzü',34),
('Beyoğlu',34),
('Büyükçekmece',34),
('Çatalca',34),
('Esenler',34),
('Esenyurt',34),
('Eyüp',34),
('Fatih',34),
('Gaziosmanpaþa',34),
('Güngören',34),
('Kâğıthane',34),
('Küçükçekmece',34),
('Sarıyer',34),
('Silivri',34),
('Sultangazi',34),
('Şişli',34),
('Zeytinburnu',34),
('Çiftlikköy',77),
('Altınova',77),
('Armutlu',77),
('Termal',77),
('Çınarcık',77),
('Merkez',77),
('Osmangazi',16),
('Nilüfer',16),
('Yıldırım',16),
('Gemlik',16),
('Gürsu',16),
('Harmancık',16),
('İnegöl',16),
('İznik',16),
('Karacabey',16),
('Keles',16),
('Kestel',16),
('Mudanya',16),
('Orhaneli',16),
('Yenişehir',16)







insert into Şirket values 
('Pamukkale',NULL),
('Adiyaman Ünal',NULL),
('Ak Turizm',NULL),
('Ak Aksu Turizm',NULL),
('Anamur Zafer',NULL),
('Antalya Toros Turizm',NULL),
('Türk Hava Yolları',NULL),
('Pegasus',NULL),
('Qatar Airway',NULL),
('Delta Air Lines',NULL),
('EasyJet',NULL),
('TCDD',NULL),
('İDO',NULL),
('Vardar Turizm',NULL)









insert into Güzergah values
('İstanbul-Kayseri'),
('İstanbul-Erzurum'),
('İstanbul-Konya'),
('İstanbul-Trabzon'),
('İstanbul-Rize'),
('İstanbul-Antalya'),
('İstanbul-Mersin'),
('İstanbul-Kastamonu'),
('İstanbul-Ankara'),
('Ankara-İstanbul'),
('İstanbul-İzmir'),
('İzmir-İstanbul'),
('Bursa-Sakarya'),
('Ankara-Trabzon'),
('İzmir-Trabzon'),
('Kastamonu-Rize'),
('Gaziantep-Diyarbakır'),
('Mersin-Kahramanmaraş'),
('Manisa-Antalya'),
('Ankara-Antalya'),
('Yalova-Eskişehir'),
('Eskişehir-Isparta'),
('Sakarya-Tekirdağ'),
('Sakarya-Kırıkkale'),
('Rize-Trabzon'),
('Tunceli-Muş'),
('Artvin-Bartın'),
('Malatya-Ağrı'),
('Ankara-Adana'),
('Ankara-Uşak'),
('Adana-Niğde'),
('Çanakkale-İstanbul'),
('İstanbul-Kırklareli'),
('Rize-Ankara'),
('Sakarya-Kayseri'),
('Balikesir-Muğla'),
('Muğla-Burdur'),
('Kayseri-Sivas'),
('Kars-İstanbul')


insert into Durak values
('Esenler Otogar',13),
('Avcılar Otogar',2),
('Esenyurt Otogar',14),
('Nilüfer Otogar',33),
('Osmangazi Otogar',32),
('Atatürk Havalıimanı',5),
('Bakırköy',5),
('Şişli',24),
('Beyoğlu',10),
('Arnavutköy',1),
('Fatih',16),
('Çatalca',12),
('Yalova Merkez',31),
('İznik Otogar',39),
('Silivri Otogar',34),
('Gürsu Otogar',36),
('AŞTİ',1),
('iZMİR oTOGARI',2)






insert into Peron values 
(1,1),
(2,1),
(3,1),
(4,1),
(5,1),
(6,1),
(1,2),
(2,2),
(3,2),
(34,3),
(24,4),
(15,5),
(23,6),
(12,7),
(34,8),
(34,9),
(34,10),
(42,11),
(23,12),
(11,13),
(31,14),
(44,15)




insert into Güzergah_Sahip_Durak values
(1,1,1),
(2,1,2),
(3,1,3),
(3,1,4),
(3,1,5),
(3,1,6),
(3,1,7),
(4,1,6),
(5,1,7),
(6,1,8),
(7,1,9),
(8,1,10),
(8,1,11),
(8,1,12),
(9,18,12),
(10,18,15)





insert into Şube values
('5438359370','Esenler Otogar Pamukkale',1),
('5438359370','Esenler Otogar Adıyaman Ünal',2),
('5438359370','Esenler Otogar Ak Turizm',3),
('5438359370','Esenler Otogar Ak Aksu Turizm',4),
('5438359370','Esenler Otogar Anamur Zafer',5),
('5438359370','Esenler Otogar Antalya Toros Turizm',6),
('5438359370','Bursa Osmangazi Otogar Pamukkale',1),
('5438359370','Bursa Osmangazi Otogar Adıyaman Ünal',2),
('5438359370','Bursa Osmangazi Otogar Ak Turizm',3),
('5438359370','Atatürk Havalimanı THY',7),
('5438359370','Atatürk Havalimanı Pegasus',8),
('5438359370','Aşti Otogar Pamukkale',1)



/*insert into Personel values*/



insert into BiletTipi values 
('Pamukyol',200,1),
('Jumbo',300,1),
('Premium',300,2),
('Ekonomi',300,2),
('Premium',300,3),
('Ekonomi',300,3),
('Premium',300,4),
('Ekonomi',300,4),
('Premium',300,5),
('Ekonomi',300,5),
('Thy Eko',500,7),
('Thy Pre',500,7)













insert into İl_Olur_Güzergah values
(34,1),
(6,1),
(34,3),
(35,3),
(6,21),
(1,21),
(6,12),
(7,12),
(34,31),
(36,31)









insert into Araç values
('Mercedes',100,'Otobüs','Tourismo',1,'2015-02-03 00:00:00','B-5',1),
('Mercedes',100,'Otobüs','Tourismo',1,'2013-08-04 00:00:00','C-5',2),
('Mercedes',100,'Otobüs','Tourismo',1,'2015-02-03 00:00:00','A-5',3),
('Mercedes',100,'Otobüs','Tourismo',1,'2015-02-03 00:00:00','B-7',4),
('Mercedes',100,'Otobüs','Tourismo',1,'2015-02-03 00:00:00','B-9',5),
('Mercedes',100,'Otobüs','Tourismo',1,'2015-02-03 00:00:00','D-5',6),
('Airbus',380 ,'Uçak','A340',0,'2015-02-03 00:00:00','F-5',7),
('Airbus',380 ,'Uçak','A330',0,'2015-02-03 00:00:00','B-10',8),
('Boeing',330 ,'Uçak','787',1,'2015-02-03 00:00:00','B-10',9),
('Boeing',330 ,'Uçak','787',1,'2015-02-03 00:00:00','B-10',10), 
('Boeing',550 ,'Uçak','777',1,'2015-02-03 00:00:00','B-10',11),
('Boeing',375  ,'Uçak','767',1,'2015-02-03 00:00:00','B-10',12),
('Damen',380 ,'Uçak','EP35',1,'2015-02-03 00:00:00','B-10',13)


dELETE FROM Sefer
/* TÜRÜ 0=Otobüs 1=Uçak 2=Feribot*/
insert into Sefer values
('N-100','E-200',0,'Ankara',1,2,'2022-1-10 20:10:00','2022-2-10 10:10:00',1,1),
('N-150','E-200',0,'Trabzon',1,2,'2022-2-10 20:10:00','2022-2-10 11:10:00',1,1),
('N-200','E-200',0,'İzmir',1,2,'2022-3-10 12:00:00','2022-2-10 23:10:00',1,1),
('N-250','E-200',0,'Yalova',1,2,'2022-1-10 18:10:00','2022-1-10 22:10:00',1,1),
('N-300','E-200',0,'Adana',1,2,'2022-1-10 20:10:00','2022-2-10 10:10:00',1,1),
('N-350','E-200',0,'Kars',1,2,'2022-1-10 20:10:00','2022-2-10 20:10:00',7,7),
('N-400','E-200',1,'Rize',1,2,'2022-1-10 20:10:00','2022-2-10 10:10:00',7,7),
('N-450','E-200',1,'Tunceli',1,2,'2022-1-10 20:10:00','2022-2-10 10:10:00',7,7),
('N-500','E-200',1,'Antalya',1,2,'2022-1-10 20:10:00','2022-2-10 10:10:00',7,7),
('N-550','E-200',1,'Trabzon',1,2,'2022-1-10 20:10:00','2022-2-10 10:10:00',7,7)

insert into Yolcu values
('42154368320','Özlem','Arınç',1,'5388757197','prof1998@hotmail.com',20),
('42136568321','Öget','Arif',0,'5394257201','buyrac24@hotmail.com',34),
('42136568322','Nunazlı','Arpacı',1,'5410757213','ediz95@yahoo.com',43),
('42136568324','Şerife','Asil',1,'5421757221','acigakyuz@yahoo.com',50),
('42137568320','Hayrunnisa','Aşveren',1,'5438257233','bayancar45@gmail.com',35),
('43921711355','SabihaElvan','Atol',1,'5476757261','bek71@gmail.com',61),
('44339753123','Edip','Attila',0,'5482257265','barmaklak7@gmail.com',55),
('44749794891','Almina','AvcıÖzsoy',0,'5487757269','isig41@gmail.com',40),
('45159836659','Saime','Avcandı',1,'5493257273','ayiz16@yahoo.com',61),
('45159836658','Nehar','Avşar',1,'5498757277','bazir70@yahoo.com',30),
('45569878427','MuratKaan','Ayanoglu',0,'5504257281','acigakyuz@gmail.com',21),
('45569878426','MuratSinan','Ayaz',0,'5509757285','acigakyuz@gmail.com',22),
('46800003731','Ateş','Aycı',0,'5515257289','canyılm@gmail.com',23),
('47210045499','ZeynepNihan','Aydınlıoplu',1,'5520757293','cemyılm@gmail.com',23),
('47620087267','Hami','Aydoğdu',0,'5526257297','yunusemre@gmail.com',24),
('53282571535','Thomas','Aygen',0,'5531757301','ozlemaykut@gmail.com',23),
('1328257151','Güneş','Aykan',1,'5537257305','ardatark@gmail.com',24),
('2328257152','ElifFeyza','Ayrım',0,'5542757309','aliyılm@gmail.com',24),
('32448541851','UğurAli','Aysal',0,'5548257313','oğuzsarı@gmail.com',66),
('32448541856','OsmanYasin','Aysan',0,'5553757317','ozguraykut@gmail.com',24)


insert into Şirket_Sahip_Güzergah values
(1,1),
(1,2),
(1,3),
(1,4),
(8,31),
(8,3),
(7,31),
(7,3),
(8,12),
(7,12),
(1,5),
(1,6),
(2,1)


insert into Personel values
('Bestami','Adanır','22977850535','cepulobroupo-6138@yopmail.com',1),
('Sevinç','Ak','6526992545','wecretigeka-6946@yopmail.com',1),
('Mügenur','Ahmet','7593973943','fipreubraffupo-1194@yopmail.com',1),
('Tutkum','Ağnar','7930028205','nametojellau-6249@yopmail.com',1),
('Aykanat','Ağıroğlu','2171426033','xuxefrucoummeu-3393@yopmail.com',1),
('Şennur','Ağırağaç','3751155432','frikeujosassu-4258@yopmail.com',1),
('Atahan','Adanır','0442622641','trawillammopei-7425@yopmail.com',1),
('Özde','Acarkan','4810928700','dafeh60456@ovout.com',1),
('Özlem','Arınç','5388757197','prof1998@hotmail.com',1),
('Öget','Arif','5394257201','buyrac24@hotmail.com',2),
('Nunazlı','Arpacı','5410757213','ediz95@yahoo.com',3),
('Þerife','Asil','5421757221','acigakyuz@yahoo.com',4),
('Hayrunnisa','Aşveren','5438257233','bayancar45@gmail.com',5),
('Edip','Attila','5482257265','barmaklak7@gmail.com',7),
('Almina','AvcıÖzsoy','5487757269','isig41@gmail.com',1),
('Saime','Avcandı','5493257273','ayiz16@yahoo.com',1),
('Nehar','Avşar','5498757277','bazir70@yahoo.com',8),
('MuratKaan','Ayanoglu','5504257281','acigakyuz@gmail.com',9),
('MuratSinan','Ayaz','5509757285','acigakyuz@gmail.com',2),
('Ateþ','Aycı','5515257289','canyılm@gmail.com',2),
('Hami','Aydoğdu','5526257297','yunusemre@gmail.com',3),
('Thomas','Aygen','5531757301','ozlemaykut@gmail.com',3),
('Güneþ','Aykan','5537257305','ardatark@gmail.com',4),
('ElifFeyza','Ayrım','5542757309','aliyılm@gmail.com',4),
('UðurAli','Aysal','5548257313','oğuzsarı@gmail.com',5),
('OsmanYasin','Aysan','5553757317','ozguraykut@gmail.com',5),
('Sabıha','Atol','5476757261','bek71@gmail.com',6),
('Zeynep','Aydınlı','5520757293','cemyılm@gmail.com',3)

insert into Personellerin_Çalıştığı_Seferler values
(1,1),
(1,2),
(1,3),
(2,5),
(2,6),
(2,7),
(1,7),
(4,6),
(5,15),
(6,10)

insert into Bilet values
(0,'2021-01-21',500,'2021-02-21',110,'2021-01-01',1,'A',50,1,1,'47210045499',1,3,1,2,1),
(0,'2021-01-21',500,'2021-02-22',110,'2021-01-01',1,'B',50,2,1,'42154368320',1,3,1,2,7),
(0,'2021-01-21',500,'2021-02-11',110,'2021-01-01',1,'C',30,3,1,'2328257152',1,3,1,2,8),
(0,'2021-01-21',500,'2021-08-03',110,'2021-01-01',1,'A',30,4,1,'42136568321',1,3,1,2,9),
(0,null,500,'2021-01-01',110,'2021-01-01',1,'B',20,5,1,'53282571535',1,3,1,2,10),
(0,null,500,'2021-01-02',110,'2021-01-01',1,'C',10,1,1,'2328257152',1,3,1,2,10),
(0,null,500,'2021-05-04',110,'2021-05-01',1,'D',0,2,1,'42154368320',1,3,1,2,6),
(0,null,500,'2021-05-14',110,'2021-05-01',1,'A',0,3,1,'1328257151',2,3,1,2,6),
(0,null,500,'2021-05-15',110,'2021-05-01',1,'A',10,4,1,'1328257151',1,3,1,2,7),
(0,null,500,'2021-05-16',110,'2021-05-01',1,'A',20,11,1,'53282571535',2,3,1,2,7),
(0,null,500,'2021-05-17',110,'2021-05-01',1,'A',10,11,1,'53282571535',1,3,1,2,7),
(0,null,500,'2022-04-21',110,'2022-06-01',1,'A',50,11,1,'53282571535',1,3,1,2,1),
(0,null,500,'2022-04-21',110,'2022-06-01',1,'A',30,11,1,'53282571535',2,3,1,2,2),
(0,null,500,'2022-04-21',110,'2022-06-01',1,'A',45,11,1,'42154368320',1,3,1,2,3),
(0,null,500,'2022-04-21',110,'2022-06-01',1,'A',40,11,1,'42154368320',2,3,1,2,4),
(0,null,500,'2022-04-21',110,'2022-07-01',1,'A',50,4,1,'42136568321',1,3,1,2,5),
(0,null,500,'2022-04-21',110,'2022-07-01',1,'A',50,3,1,'42136568321',2,3,1,2,5),
(0,null,500,'2022-04-21',110,'2022-07-01',1,'A',50,2,1,'2328257152',2,3,1,2,5),
(0,null,500,'2022-04-21',110,'2022-07-01',1,'A',50,1,1,'44749794891',2,3,1,2,5),
(0,null,500,'2022-04-21',110,'2022-07-01',1,'A',50,4,1,'2328257152',1,3,1,2,5),
(0,null,500,'2022-04-21',110,'2022-07-01',1,'A',50,3,1,'47210045499',2,3,1,2,5),
(0,null,500,'2022-04-21',110,'2022-07-01',1,'A',50,2,1,'42137568320',2,3,1,2,5),
(0,null,500,'2022-04-21',110,'2022-07-01',1,'A',50,1,1,'43921711355',2,3,1,2,5),
(0,'2021-01-21',500,'2021-02-21',110,'2021-01-01',1,'A',50,11,1,'47210045499',1,3,1,2,1),
(0,'2021-01-21',500,'2021-02-22',110,'2021-01-01',1,'B',50,11,1,'42154368320',1,3,1,2,7),
(0,'2021-01-21',500,'2021-02-11',110,'2021-01-01',1,'C',30,11,1,'2328257152',1,3,1,2,8),
(0,'2021-01-21',500,'2021-08-03',110,'2021-01-01',1,'A',30,11,1,'42136568321',1,3,1,2,9),
(0,null,500,'2021-01-01',110,'2021-01-01',1,'B',20,11,1,'53282571535',1,3,1,2,10),
(0,null,500,'2021-01-02',110,'2021-01-01',1,'C',10,11,1,'2328257152',1,3,1,2,10),
(0,null,500,'2021-05-04',110,'2021-05-01',1,'D',0,11,1,'42154368320',1,3,1,2,6),
(0,null,500,'2021-05-14',110,'2021-05-01',1,'A',0,11,1,'1328257151',2,3,1,2,6),
(0,null,500,'2021-05-15',110,'2021-05-01',1,'A',10,11,1,'1328257151',1,3,1,2,7),
(0,null,500,'2021-05-16',110,'2021-05-01',1,'A',20,11,1,'53282571535',2,3,1,2,7),
(0,null,500,'2021-05-17',110,'2021-05-01',1,'A',10,11,1,'53282571535',1,3,1,2,7),
(0,null,500,'2022-04-21',110,'2022-06-01',1,'A',50,11,1,'53282571535',1,3,1,2,1),
(0,null,500,'2022-04-21',110,'2022-06-01',1,'A',30,11,1,'53282571535',2,3,1,2,2),
(0,null,500,'2022-04-21',110,'2022-06-01',1,'A',45,11,1,'42154368320',1,3,1,2,3),
(0,null,500,'2022-04-21',110,'2022-06-01',1,'A',40,11,1,'42154368320',2,3,1,2,4),
(0,null,500,'2022-04-21',110,'2022-07-01',1,'A',50,4,1,'42136568321',1,3,1,2,5),
(0,null,500,'2022-04-21',110,'2022-07-01',1,'A',50,3,1,'42136568321',2,3,1,2,5),
(0,null,500,'2022-04-21',110,'2022-07-01',1,'A',50,2,1,'2328257152',2,3,1,2,5),
(0,null,500,'2022-04-21',110,'2022-07-01',1,'A',50,1,1,'44749794891',2,3,1,2,5),
(0,null,500,'2022-04-21',110,'2022-07-01',1,'A',50,4,1,'2328257152',1,3,1,2,5),
(0,null,500,'2022-04-21',110,'2022-07-01',1,'A',50,3,1,'47210045499',2,3,1,2,5),
(0,null,500,'2022-04-21',110,'2022-07-01',1,'A',50,2,1,'42137568320',2,3,1,2,5),
(0,null,500,'2022-04-21',110,'2022-07-01',1,'A',50,1,1,'43921711355',2,3,1,2,5)